School Name,Ensemble,Director,Year,Grade,Title,Composer/Arranger,Piece Type,Notes
Ashley High School,Concert Band,Robert A. Parker,2022,III/IV,Coast Guards March,Karl L. King/James Swearingen,March,
Ashley High School,Concert Band,Robert A. Parker,2022,IV,Flourish for Wind Band,"Vaughn Williams, Ralph",MPA List,
Ashley High School,Concert Band,Robert A. Parker,2022,III,Encanto,"Smith, Robert W.",MPA List,
Ashley High School,Wind Ensemble,Robert A. Parker,2022,V,The Walking Frog,Karl L. King/Robert E. Foster,March,
Ashley High School,Wind Ensemble,Robert A. Parker,2022,V,Blessed Are They,Brahms/arr. Buehlman,MPA List,
Ashley High School,Wind Ensemble,Robert A. Parker,2022,V,Raging Machines,"Balmages, Brian",MPA List,
Ashley High School,Concert Band,Robert A. Parker,2023,III,Valley Forge,Karl L. King arranged by James Swearingen,March,
Ashley High School,Concert Band,Robert A. Parker,2023,III,Chasing Sunlight,"Nishimura, Cait",MPA List,
Ashley High School,Concert Band,Robert A. Parker,2023,III,Canto,"McBeth, W. F.",MPA List,
Ashley High School,Wind Ensemble,Robert A. Parker,2023,V,Under the Double Eagle,J.F. Wagner arranged by Andrew Glover,March,
Ashley High School,Wind Ensemble,Robert A. Parker,2023,V,"Pageant, Op. 59","Persichetti, Vincent",MPA List,
Ashley High School,Wind Ensemble,Robert A. Parker,2023,V,Shadow Rituals,"Markowski, Michael",MPA List,
Ashley High School,Concert Band,Robert A. Parker,2024,III,"Zia, Zia!","Smith, Claude",March,
Ashley High School,Concert Band,Robert A. Parker,2024,III,Little Suite for Band,"Standridge, Randall",MPA List,
Ashley High School,Concert Band,Robert A. Parker,2024,III,Jungle Dance,"Balmages, Brian",MPA List,
Ashley High School,Wind Ensemble,Robert A. Parker,2024,V,"The March from ""1941""",John Williams/Paul Lavender,March,
Ashley High School,Wind Ensemble,Robert A. Parker,2024,V,Emperata Overture,"Smith, Claude",MPA List,
Ashley High School,Wind Ensemble,Robert A. Parker,2024,V,Undertow,"Mackey, John",MPA List,
Ashley High School,Concert Band,Robert A. Parker,2025,IV,Allied Honor,Karl King ed  James Swearingen,March,
Ashley High School,Concert Band,Robert A. Parker,2025,IV,At Morning's First Light,"Gillingham, David",MPA List,
Ashley High School,Concert Band,Robert A. Parker,2025,IV,Incantations,"Smith, Robert W.",MPA List,
Ashley High School,Wind Ensemble,Robert A. Parker,2025,VI,Black Granite,James Hosey,March,
Ashley High School,Wind Ensemble,Robert A. Parker,2025,VI,Third Suite,"Jager, Robert",MPA List,
Ashley High School,Wind Ensemble,Robert A. Parker,2025,VI,With Heart and Voice,"Gillingham, David",MPA List,
Beaufort Middle School,7th and 8th Grade Band,Noelle Hutcheson,2022,II,Battle Creek March,Mark Williams,March,
Beaufort Middle School,7th and 8th Grade Band,Noelle Hutcheson,2022,II,"Childhood Hymn, A","Holsinger, David",MPA List,
Beaufort Middle School,7th and 8th Grade Band,Noelle Hutcheson,2022,II,Engines of Resistance,"Clark, Larry",MPA List,
Beaufort Middle School,7th and 8th Grade Band,Noelle Hutcheson,2023,FLEX,Honor Roll March,Mark Williams,March,
Beaufort Middle School,7th and 8th Grade Band,Noelle Hutcheson,2023,II,"Song For Friends, A","Daehn, Larry",MPA List,
Beaufort Middle School,7th and 8th Grade Band,Noelle Hutcheson,2023,II,Black Forest Overture,"Sweeney, Michael",MPA List,
Beaufort Middle School,7th and 8th Grade Band,Steve Howell,2024,II,Copper Creek March,John Edmondson,March,
Beaufort Middle School,7th and 8th Grade Band,Steve Howell,2024,II,Gates of Orion,"Sweeney, Michael",MPA List,
Beaufort Middle School,7th and 8th Grade Band,Steve Howell,2024,II,Above and Beyond,"Swearingen, James",MPA List,
Brewster Middle School,Concert Band,Beverly Goehring,2023,II,Cumberland March,Ron Cowherd,March,
Brewster Middle School,Concert Band,Beverly Goehring,2023,II,Celtic Air and Dance No. 2,"Sweeney, Michael",MPA List,
Brewster Middle School,Concert Band,Beverly Goehring,2023,II,Overlords,"O’Loughlin, Sean",MPA List,
Brewster Middle School,Concert Band,Beverly Goehring,2024,II,Plaza de Toros,Michael Story,March,
Brewster Middle School,Concert Band,Beverly Goehring,2024,II,Reflections,Feldstein/arr. Clark,MPA List,
Brewster Middle School,Concert Band,Beverly Goehring,2024,II,Carpathia,"Owens, William",MPA List,
Brewster Middle School,7th Grade Band,Beverly Goehring,2025,I,Infinity,James Curnow,March,
Brewster Middle School,7th Grade Band,Beverly Goehring,2025,I,Achievement,Feldstein/arr. Clark,MPA List,
Brewster Middle School,7th Grade Band,Beverly Goehring,2025,I,"Tempest, The","Smith, Robert W.",MPA List,
Brewster Middle School,8th Grade Band,Beverly Goehring,2025,II,March Phantasma,Randall D. Standridge,March,
Brewster Middle School,8th Grade Band,Beverly Goehring,2025,II,"Pit and the Pendulum, The","Story, Michael",MPA List,
Brewster Middle School,8th Grade Band,Beverly Goehring,2025,II,Abandoned Treasure Hunt,"Grice, Rob",MPA List,
Broad Creek Middle School,Concert Band,David B. Edmonds,2022,I,Regal March,Bruce Pearson / Chuck Elledge,March,
Broad Creek Middle School,Concert Band,David B. Edmonds,2022,I,Rising Star,"Hazo, Samuel",MPA List,
Broad Creek Middle School,Concert Band,David B. Edmonds,2022,I,"Might of Hercules, The","Williams, Mark",MPA List,
Broad Creek Middle School,Symphonic Band,David B. Edmonds,2022,II,Summit March,Harold Bennett/Larry Clark,March,
Broad Creek Middle School,Symphonic Band,David B. Edmonds,2022,II,"Scottish Ballade, A","Sheldon, Robert",MPA List,
Broad Creek Middle School,Symphonic Band,David B. Edmonds,2022,II,"Pit and the Pendulum, The","Story, Michael",MPA List,
Broad Creek Middle School,Symphonic Band,David B. Edmonds,2023,III,Activity,Harold Bennett arranged by Larry Clark,March,
Broad Creek Middle School,Symphonic Band,David B. Edmonds,2023,III,"Rowan Tree, The","Standridge, Randall",MPA List,
Broad Creek Middle School,Symphonic Band,David B. Edmonds,2023,III,Windsongs,"Shaffer, David",MPA List,
Broad Creek Middle School,7th Grade Band,David Stroud,2024,III,Marzo Zingaro,Randall Standridge,March,
Broad Creek Middle School,7th Grade Band,David Stroud,2024,III,Trails of Glory - A Western Overture,"Swearingen, James",MPA List,
Broad Creek Middle School,7th Grade Band,David Stroud,2024,III,Locksley Hall,"Del Borgo,  Elliot",MPA List,
Broad Creek Middle School,8th Grade Band,David Stroud,2024,IV,Normandy Beach,John Edmondson,March,
Broad Creek Middle School,8th Grade Band,David Stroud,2024,IV,Blue Ridge Saga,"Swearingen, James",MPA List,
Broad Creek Middle School,8th Grade Band,David Stroud,2024,IV,Scramble,"Stalter, Todd",MPA List,
Croatan High School,Concert Band,Michael Self,2022,IV/V,Marche Diabolique,Brian Balmages,March,
Croatan High School,Concert Band,Michael Self,2022,IV,Joy Revisited,"Ticheli, Frank",MPA List,
Croatan High School,Concert Band,Michael Self,2022,V,Undertow,"Mackey, John",MPA List,
Croatan High School,Wind Ensemble,Michael Self,2022,VI,Nobles of the Mystic Shrine,John Philip Sousa,March,
Croatan High School,Wind Ensemble,Michael Self,2022,VI,English Folk Song Suite,"Vaughn Williams, Ralph",MPA List,
Croatan High School,Wind Ensemble,Michael Self,2022,VI,Ride,"Hazo, Samuel",MPA List,
Croatan High School,Wind Ensemble,Michael Self,2023,VI,Ingelsina,"Davide Delle Cese, arranged John R. Bourgeois",March,
Croatan High School,Wind Ensemble,Michael Self,2023,VI,Incantation and Dance,"Chance, John",MPA List,
Croatan High School,Wind Ensemble,Michael Self,2023,VI,Suite of Old American Dances,"Bennett, Robert",MPA List,
Croatan High School,Wind Ensemble,Kinsey Holland,2024,VI,The Trombone King,Karl King/John Paynter,March,
Croatan High School,Wind Ensemble,Kinsey Holland,2024,VI,Chester Overture,"Schuman, William",MPA List,
Croatan High School,Wind Ensemble,Kinsey Holland,2024,VI,"Movement for Rosa, A","Camphouse, Mark",MPA List,
Dixon High School,Concert Band,Victor Saenz,2022,III,Coast Guards March,Karl L. King/James Swearingen,March,
Dixon High School,Concert Band,Victor Saenz,2022,III,"Joyful Journey, A","Sheldon, Robert",MPA List,
Dixon High School,Concert Band,Victor Saenz,2022,III,Arabian Dances,"Barrett, Roland",MPA List,
Dixon High School,Wind Ensemble,Victor Saenz,2022,IV/V,Allied Honor March,Karl L. King/James Swearingen,March,
Dixon High School,Wind Ensemble,Victor Saenz,2022,IV,Dimensions of Seven,"Curnow, James",MPA List,
Dixon High School,Wind Ensemble,Victor Saenz,2022,V,Artic Fire,"Buckley, Robert",MPA List,
Dixon High School,Concert Band,Victor Saenz,2023,III,American Legion,Charles Porter arranged by Andrew Glover,March,
Dixon High School,Concert Band,Victor Saenz,2023,III,Appalachian Morning,"Sheldon, Robert",MPA List,
Dixon High School,Concert Band,Victor Saenz,2023,III,Call of the Wild,"Balmages,  Brian",MPA List,
Dixon High School,Wind Ensemble,Victor Saenz,2023,IV/V,Liberty Bell,John Phillip Sousa arranged by Jay Bocook,March,
Dixon High School,Wind Ensemble,Victor Saenz,2023,IV,Awakening Hills,"Saucedo, Richard",MPA List,
Dixon High School,Wind Ensemble,Victor Saenz,2023,V,Crown of Thorns,"Giroux, Julie",MPA List,
Dixon High School,Concert Band,Victor Saenz,2024,III/IV,Capstone,Tyler Arcai,March,
Dixon High School,Concert Band,Victor Saenz,2024,III,Gadget,"Standridge, Randall",MPA List,
Dixon High School,Concert Band,Victor Saenz,2024,IV,Into the Storm,"Smith, Robert W.",MPA List,
Dixon High School,Wind Ensemble,Victor Saenz,2024,V,Cornerstone,Tyler Arcari,March,
Dixon High School,Wind Ensemble,Victor Saenz,2024,V,Mount Everest,"Galante, Rossano",MPA List,
Dixon High School,Wind Ensemble,Victor Saenz,2024,V,Solas Ane' (Yesterday's Joy),"Hazo, Samuel",MPA List,
Dixon High School,Concert Band,Victor Saenz,2025,III,March of the Royals,Bill Calhoun,March,
Dixon High School,Concert Band,Victor Saenz,2025,III,Chasing Sunlight,"Nishimura, Cait",MPA List,
Dixon High School,Concert Band,Victor Saenz,2025,III,To Forge the New Frontier,"Ford, Ralph",MPA List,
Dixon High School,Wind Ensemble,Victor Saenz,2025,IV/V,Washington Post,John Phillip Sousa arr  Andrew Balent,March,
Dixon High School,Wind Ensemble,Victor Saenz,2025,IV,Seagate Overture,"Swearingen, James",MPA List,
Dixon High School,Wind Ensemble,Victor Saenz,2025,V,Chorale and Shaker Dance,"Zdechlik, John",MPA List,
Dixon Middle School,Concert Band,Karen Matthews,2022,II,Guardians of Liberty,Paul Murtha,March,
Dixon Middle School,Concert Band,Karen Matthews,2022,II,Heartland,"Hodges, Steve",MPA List,
Dixon Middle School,Concert Band,Karen Matthews,2022,II,Colliding Visions,"Balmages, Brian",MPA List,
Dixon Middle School,7th and 8th Grade Band,Karen P Matthews,2023,II,Lexington March,John Edmondson,March,
Dixon Middle School,7th and 8th Grade Band,Karen P Matthews,2023,II,Too Beautiful for Words,"Grice, Rob",MPA List,
Dixon Middle School,7th and 8th Grade Band,Karen P Matthews,2023,II,Serengeti Sunrise,"Wasson, John",MPA List,
Dixon Middle School,7th and 8th Grade Band,Karen Matthews,2024,II,Kitty Hawk March,Ed Huckeby,March,
Dixon Middle School,7th and 8th Grade Band,Karen Matthews,2024,II,Nightsong,"Saucedo, Richard",MPA List,
Dixon Middle School,7th and 8th Grade Band,Karen Matthews,2024,II,Abandoned Treasure Hunt,"Grice, Rob",MPA List,
Dixon Middle School,8th Grade Band,Karen Matthews,2025,II/III,Mad Dash,Timothy Loest,March,
Dixon Middle School,8th Grade Band,Karen Matthews,2025,II,Secret Passage,"Grice, Rob",MPA List,
Dixon Middle School,8th Grade Band,Karen Matthews,2025,III,Seconds Out,"Hazo, Samuel",MPA List,
Down East Middle School,"6, 7 and 8 Grade Band",Daniel Collins,2022,II,Mount Vernon March,John Edmondson,March,
Down East Middle School,"6, 7 and 8 Grade Band",Daniel Collins,2022,II,Gathering in the Glen,"Sweeney, Michael",MPA List,
Down East Middle School,"6, 7 and 8 Grade Band",Daniel Collins,2022,II,Sahara Adventure,"Lopez, Victor",MPA List,
Down East Middle School,7th and 8th Grade Band,Windy Baird,2023,II,Monmouth March,Larry Clark,March,
Down East Middle School,7th and 8th Grade Band,Windy Baird,2023,II,Invictus Rex,"Putnam, Matthew",MPA List,
Down East Middle School,7th and 8th Grade Band,Windy Baird,2023,II,Comet Ride,"Balmages, Brian",MPA List,
Down East Middle School,"6, 7 and 8 Grade Band",Windy Baird,2024,I/II,Freedom March,James Swearingen,March,
Down East Middle School,"6, 7 and 8 Grade Band",Windy Baird,2024,II,Project Mercury,"Rogers, Mekel",MPA List,
Down East Middle School,"6, 7 and 8 Grade Band",Windy Baird,2024,I,Rust Belt,"Owens, William",MPA List,
East Carteret High School,Concert Band,Ashley L. Wright,2022,IV,Circus Days,Karl L. King/Brion & Schissel,March,
East Carteret High School,Concert Band,Ashley L. Wright,2022,IV,"Last to Defend, The","Shaffer, David",MPA List,
East Carteret High School,Concert Band,Ashley L. Wright,2022,IV,Echoes,"Hazo, Samuel",MPA List,
East Carteret High School,Symphonic Band,Ashley L. Wright,2022,VI,Troopers Tribunal,Henry Fillmore,March,
East Carteret High School,Symphonic Band,Ashley L. Wright,2022,VI,Footsteps,Wilson,MPA List,
East Carteret High School,Symphonic Band,Ashley L. Wright,2022,VI,Day on the Prairie,"Kiefer, Ed",MPA List,
East Carteret High School,Concert Band,Ashley L. Wright,2023,IV,Mister Joe,Harold Bennett arranged by Larry Clark,March,
East Carteret High School,Concert Band,Ashley L. Wright,2023,IV,In Quiet Tribute (For Those Gone Too Soon),"MacTaggart, Larry",MPA List,
East Carteret High School,Concert Band,Ashley L. Wright,2023,IV,Soar High,"Kiefer, Ed",MPA List,
East Carteret High School,Symphonic Band,Ashley L. Wright,2023,VI,Homestretch Galop,Karl King arranged by Gene Milford,March,
East Carteret High School,Symphonic Band,Ashley L. Wright,2023,VI,Where Never Lark or Eagle Flew,"Curnow, James",MPA List,
East Carteret High School,Symphonic Band,Ashley L. Wright,2023,VI,Until the Scars,"Mackey, John",MPA List,
East Carteret High School,Concert Band,Ashley L. Wright,2024,IV,Advance,Harold Bennett/Larry Clark,March,
East Carteret High School,Concert Band,Ashley L. Wright,2024,IV,The Old Red Mill,"Karrick, Brant",MPA List,
East Carteret High School,Concert Band,Ashley L. Wright,2024,IV,"Raider's Last Crusade, The","Kiefer, Ed",MPA List,
East Carteret High School,Wind Ensemble,Ashley L. Wright,2024,VI,Peace Jubilee,Karl King/James Swearingen,March,
East Carteret High School,Wind Ensemble,Ashley L. Wright,2024,VI,Molly on the Shore,"Grainger, Percy",MPA List,
East Carteret High School,Wind Ensemble,Ashley L. Wright,2024,V,Wayfaring Stranger,"Nelson, Christopher",MPA List,
Emma B. Trask Middle School,Symphonic Band,Casey Black,2023,II,The Band in the Square on the Fourth of July,Pierre La Plante,March,
Emma B. Trask Middle School,Symphonic Band,Casey Black,2023,II,Serengeti Dreams,"Smith, Robert W.",MPA List,
Emma B. Trask Middle School,Symphonic Band,Casey Black,2023,II,Abandoned Treasure Hunt,"Grice, Rob",MPA List,
Emma B. Trask Middle School,Concert Band,Casey Black,2024,I/II,Plaza de Toros,Michael Story,March,
Emma B. Trask Middle School,Concert Band,Casey Black,2024,II,Lost Woods Fantasy,"Hall, JaRod",MPA List,
Emma B. Trask Middle School,Concert Band,Casey Black,2024,I,Majestica,"Balmages, Brian",MPA List,
Grover C. Fields Middle School,7th/8th Grade Band,Mark Lorek,2022,II,Spania,David Shaffer,March,
Grover C. Fields Middle School,7th/8th Grade Band,Mark Lorek,2022,II,Celtic Air and Dance,"Sweeney, Michael",MPA List,
Grover C. Fields Middle School,7th/8th Grade Band,Mark Lorek,2022,II,Afterburn,"Standridge, Randall",MPA List,
Grover C. Fields Middle School,7th and 8th Grade Combined Band,Mark Lorek,2023,III,With Valor and Honor,Mark Williams,March,
Grover C. Fields Middle School,7th and 8th Grade Combined Band,Mark Lorek,2023,III,"Joyful Journey, A","Sheldon, Robert",MPA List,
Grover C. Fields Middle School,7th and 8th Grade Combined Band,Mark Lorek,2023,III,Northlake Festival Overture,"Curnow, James",MPA List,
Grover C. Fields Middle School,7th Grade Band,Mark Lorek,2023,II,Fighting Falcon March,Todd Stalter,March,
Grover C. Fields Middle School,7th Grade Band,Mark Lorek,2023,II,Gathering in the Glen,"Sweeney, Michael",MPA List,
Grover C. Fields Middle School,7th Grade Band,Mark Lorek,2023,II,"Quest, The","Hazo, Samuel",MPA List,
Grover C. Fields Middle School,7th Grade Band,Mark Lorek,2024,II,Union March,Mekel Rogers,March,
Grover C. Fields Middle School,7th Grade Band,Mark Lorek,2024,II,Two Colonial Sketches,"O'Reilly, John",MPA List,
Grover C. Fields Middle School,7th Grade Band,Mark Lorek,2024,II,Imperium,"Sweeney, Michael",MPA List,
Grover C. Fields Middle School,8th Grade Band,Mark Lorek,2024,IV,March of the Majestics,Robert Sheldon,March,
Grover C. Fields Middle School,8th Grade Band,Mark Lorek,2024,IV,Mountain Country Dances,"Vinson, Johnnie",MPA List,
Grover C. Fields Middle School,8th Grade Band,Mark Lorek,2024,IV,Soar High,"Kiefer, Ed",MPA List,
H.J. MacDonald Middle School,Concert Band,Amanda Landis Whitford,2022,II/III,Fighting Falcon,Todd Stalter,March,
H.J. MacDonald Middle School,Concert Band,Amanda Landis Whitford,2022,II,"Pit and the Pendulum, The","Story, Michael",MPA List,
H.J. MacDonald Middle School,Concert Band,Amanda Landis Whitford,2022,III,Tango Mariana,"Compello, Joseph",MPA List,
H.J. MacDonald Middle School,Band,Amanda Landis Whitford,2023,II,Spitfire,Michael Story,March,
H.J. MacDonald Middle School,Band,Amanda Landis Whitford,2023,II,Serengeti Dreams,"Smith, Robert W.",MPA List,
H.J. MacDonald Middle School,Band,Amanda Landis Whitford,2023,II,Armory,"Standridge, Randall",MPA List,
H.J. MacDonald Middle School,Concert Band,Amanda Landis Whitford,2024,III,Plaza de Toros,Michael Story,March,
H.J. MacDonald Middle School,Concert Band,Amanda Landis Whitford,2024,III,Seconds Out,"Hazo, Samuel",MPA List,
H.J. MacDonald Middle School,Concert Band,Amanda Landis Whitford,2024,III,Arabian Dances,"Barrett, Roland",MPA List,
Havelock High School,Symphonic Band,Jorge Benitez/Jodi Campbell,2022,III,Darklands March,Randall Standridge,March,
Havelock High School,Symphonic Band,Jorge Benitez/Jodi Campbell,2022,III,Joy,"Ticheli, Frank",MPA List,
Havelock High School,Symphonic Band,Jorge Benitez/Jodi Campbell,2022,III,Due North,"Sweeney, Michael",MPA List,
Havelock High School,Wind Ensemble,Jorge Benitez/Jodi Campbell,2022,VI,El Relicario,Jose Padilla/Robert Longfield,March,
Havelock High School,Wind Ensemble,Jorge Benitez/Jodi Campbell,2022,VI,Variation on a Korean Folk Song,"Chance, John Barnes",MPA List,
Havelock High School,Wind Ensemble,Jorge Benitez/Jodi Campbell,2022,VI,Incidental Suite,"Smith, Claude",MPA List,
Havelock High School,Symphonic Band,Jorge Benitez/Jodi Campbell,2023,IV,Rough Riders (Galop),Karl L. King arranged by James Swearingen,March,
Havelock High School,Symphonic Band,Jorge Benitez/Jodi Campbell,2023,IV,West Highland Sojourn,"Sheldon, Robert",MPA List,
Havelock High School,Symphonic Band,Jorge Benitez/Jodi Campbell,2023,IV,Fantasy on a Fiddle Tune,"La Plante, Pierre",MPA List,
Havelock High School,Wind Ensemble,Jorge Benitez/Jodi Campbell,2023,VI,Manhattan Beach March,John Phillip Sousa arranged by Brion & Shissel,March,
Havelock High School,Wind Ensemble,Jorge Benitez/Jodi Campbell,2023,VI,Four Scottish Dances,Arnold/arr. Paynter,MPA List,
Havelock High School,Wind Ensemble,Jorge Benitez/Jodi Campbell,2023,VI,Vanity Fair,Fletcher/ed. Karrick,MPA List,
Havelock High School,Symphonic Band,Jorge Benitez/Blair Dyal,2024,IV,Cornerstone March,Tyler Arcari,March,
Havelock High School,Symphonic Band,Jorge Benitez/Blair Dyal,2024,IV,Two Irish Sketches,"Black, Dave",MPA List,
Havelock High School,Symphonic Band,Jorge Benitez/Blair Dyal,2024,IV,Choose Joy,"Standridge, Randall",MPA List,
Havelock High School,Wind Ensemble,Jorge Benitez/Blair Dyal,2024,VI,The Footlifter,Henry Fillmore/Robert E. Foster,March,
Havelock High School,Wind Ensemble,Jorge Benitez/Blair Dyal,2024,VI,Chester Overture,"Schuman, William",MPA List,
Havelock High School,Wind Ensemble,Jorge Benitez/Blair Dyal,2024,VI,"Symphonic Dance No. 3 (""Fiesta"")","Williams, Clifton",MPA List,
Havelock Middle School,Concert Band,Jeb Lamm,2022,I/II,Nottingham March,Jerry Williams,March,
Havelock Middle School,Concert Band,Jeb Lamm,2022,I,Canon of Peace,"Jennings, Paul",MPA List,
Havelock Middle School,Concert Band,Jeb Lamm,2022,II,Aztec Celebration,"Shaffer, David",MPA List,
Havelock Middle School,Concert Band,Jeb Lamm,2023,II,Guardians of Liberty,Paul Murtha,March,
Havelock Middle School,Concert Band,Jeb Lamm,2023,II,Triton Fanfare,"Smith, Robert W.",MPA List,
Havelock Middle School,Concert Band,Jeb Lamm,2023,II,Celtic Air and Dance,"Sweeney, Michael",MPA List,
Havelock Middle School,Concert Band,Jeb Lamm,2024,I/II,Fighting Falcon March,Todd Stalter,March,
Havelock Middle School,Concert Band,Jeb Lamm,2024,II,Phantom Ship,"Del Borgo,  Elliot",MPA List,
Havelock Middle School,Concert Band,Jeb Lamm,2024,I,Midnight Mission,"Balmages, Brian",MPA List,
Heide Trask High School,Symphonic Band,Kayla Marshburn,2023,II/III,Avenger March,Karl L. King/Andy Clark,March,
Heide Trask High School,Symphonic Band,Kayla Marshburn,2023,III,On a Hymnsong of Philip Bliss,"Holsinger, David",MPA List,
Heide Trask High School,Symphonic Band,Kayla Marshburn,2023,III,Rites of Tamburo,"Smith, Robert W.",MPA List,
Heide Trask High School,Symphonic Band,Ally Smith,2025,III,New Millennium March,Robert M. Geisler,March,
Heide Trask High School,Symphonic Band,Ally Smith,2025,III,Black Is the Color…,"Sheldon, Robert",MPA List,
Heide Trask High School,Symphonic Band,Ally Smith,2025,III,A Night in Budapest,Bobrowitz,MPA List,
Hoggard High School,Concert Band,Rod Reed,2023,IV,Flying Cadets,Karl L.King arranged by James Swearingen,March,
Hoggard High School,Concert Band,Rod Reed,2023,IV,Avebury Circles,"Brand, Michael",MPA List,
Hoggard High School,Concert Band,Rod Reed,2023,IV,In tantum lux,"Stalter, Todd",MPA List,
Hoggard High School,Symphonic Band,Rod Reed,2024,V,Black Watch,Claude T. Smith,March,
Hoggard High School,Symphonic Band,Rod Reed,2024,V,Novo Lenio,"Hazo, Samuel",MPA List,
Hoggard High School,Symphonic Band,Rod Reed,2024,V,Vertigo,"Berntoas, Chris M.",MPA List,
Hoggard High School,Symphonic Band,Rod Reed,2025,IV,March of the Two Left Feet,Leroy Anderson arr  John Boyd,March,
Hoggard High School,Symphonic Band,Rod Reed,2025,IV,With Every Winter's Breath,"Standridge, Randall",MPA List,
Hoggard High School,Symphonic Band,Rod Reed,2025,IV,In the Forest of the King,"La Plante, Pierre",MPA List,
Holly Shelter Middle School,Symphonic Band,Sallie Dunn,2024,II,Huron Bay March,David Gorham,March,
Holly Shelter Middle School,Symphonic Band,Sallie Dunn,2024,II,As Winds Dance,"Hazo, Samuel",MPA List,
Holly Shelter Middle School,Symphonic Band,Sallie Dunn,2024,II,Salvation is Created,Chesnokov/arr. Brown,MPA List,
Hunters Creek Middle School,Band,Kristina McRaney,2023,II,Morning Star March,Chris Ferguson,March,
Hunters Creek Middle School,Band,Kristina McRaney,2023,II,Cimarron Fanfare,"Sheldon, Robert",MPA List,
Hunters Creek Middle School,Band,Kristina McRaney,2023,II,Mystic Journey,"Sheldon, Robert",MPA List,
Hunters Creek Middle School,Band,Kristina McRaney,2025,II/III,Mar Y Cielo,Jorge L Vargas,March,
Hunters Creek Middle School,Band,Kristina McRaney,2025,II,December Sky,Morales Erik,MPA List,
Hunters Creek Middle School,Band,Kristina McRaney,2025,III,Cyclone,"Oare, Michael",MPA List,
Hunters Creek Middle School ,7 & 8 Concert Band,Kristina McRaney,2024,II,Guardians of Liberty,Paul Murtha,March,
Hunters Creek Middle School ,8 & 8 Concert Band,Kristina McRaney,2024,II,Castles and Dragons,"Stalter, Todd",MPA List,
Hunters Creek Middle School ,9 & 8 Concert Band,Kristina McRaney,2024,II,Byzantine Dances,"Chambers, Carol Brittin",MPA List,
Jacksonville Commons Middle School,8th Grade Band,Maria Flowers,2022,II,Armed Forces March,Michael Sweeney,March,
Jacksonville Commons Middle School,8th Grade Band,Maria Flowers,2022,II,Country Wildflowers,"Daehn, Larry",MPA List,
Jacksonville Commons Middle School,8th Grade Band,Maria Flowers,2022,II,Ancient Voices,"Sweeney, Michael",MPA List,
Jacksonville Commons Middle School,7th and 8th Grade Band,Maria Flowers,2023,II,Lexington March,John Edmondson,March,
Jacksonville Commons Middle School,7th and 8th Grade Band,Maria Flowers,2023,II,Celtic Air and Dance,"Sweeney, Michael",MPA List,
Jacksonville Commons Middle School,7th and 8th Grade Band,Maria Flowers,2023,II,Sky Bound,"Bubbett, Jon",MPA List,
Jacksonville Commons Middle School,7th Grade Band,Maria Flowers,2024,I,Fortis (March),Larry Clark,March,
Jacksonville Commons Middle School,7th Grade Band,Maria Flowers,2024,I,Incantation and Ritual,"Balmages, Brian",MPA List,
Jacksonville Commons Middle School,7th Grade Band,Maria Flowers,2024,I,Dance of the Jabberwocky,"Grice, Rob",MPA List,
Jacksonville Commons Middle School,8th Grade Band,Maria Flowers,2024,II,"We, The People",James Swearingen,March,
Jacksonville Commons Middle School,8th Grade Band,Maria Flowers,2024,II,Too Beautiful for Words,"Grice, Rob",MPA List,
Jacksonville Commons Middle School,8th Grade Band,Maria Flowers,2024,II,Land of the Rising Sun,"Story, Michael",MPA List,
Jacksonville High School,Band,Zachary Cummings,2022,III/IV,Valley Forge,Karl L. King/James Swearingen,March,
Jacksonville High School,Band,Zachary Cummings,2022,III,Hebrew Medley,"Bobrowitz, David",MPA List,
Jacksonville High School,Band,Zachary Cummings,2022,IV,Of Dark Lords and Ancient Kings,"Barrett, Roland",MPA List,
Jacksonville High School,Concert Band,Jessica Blanchet,2023,IV,Darklands March,Randall Standridge,March,
Jacksonville High School,Concert Band,Jessica Blanchet,2023,III,Appalachian Morning,"Sheldon, Robert",MPA List,
Jacksonville High School,Concert Band,Jessica Blanchet,2023,IV,"Great Locomotive Chase, The","Smith, Robert W.",MPA List,
Jacksonville High School,Wind Ensemble,Jessica Blanchet,2023,IV/VI,Azalea City March,R. Alan Carter,March,
Jacksonville High School,Wind Ensemble,Jessica Blanchet,2023,IV,Thunderscape,Morales Erik,MPA List,
Jacksonville High School,Wind Ensemble,Jessica Blanchet,2023,VI,Arabesque,"Hazo, Samuel",MPA List,
Jacksonville High School,Concert Band,Jessica Blanchet,2024,III/IV,Torch of Liberty,Karl L. King/James Swearingen,March,
Jacksonville High School,Concert Band,Jessica Blanchet,2024,III,Black Is the Color…,"Sheldon, Robert",MPA List,
Jacksonville High School,Concert Band,Jessica Blanchet,2024,IV,Majestia,"Swearingen, James",MPA List,
Jacksonville High School,Symphonic Band,Jessica Blanchet,2025,II,Camelia City March,R. Alan Carter,March,
Jacksonville High School,Symphonic Band,Jessica Blanchet,2025,II,Nebula,"Standridge, Randall",MPA List,
Jacksonville High School,Symphonic Band,Jessica Blanchet,2025,II,Shadow Dancer,"Oare, Michael",MPA List,
Jacksonville High School,Wind Ensemble,Jessica Blanchet,2025,III,Capstone,Tyler Arcari,March,
Jacksonville High School,Wind Ensemble,Jessica Blanchet,2025,III,King's Mountain Adventure,"Huckeby, Ed",MPA List,
Jacksonville High School,Wind Ensemble,Jessica Blanchet,2025,III,Canto,"McBeth, W. F.",MPA List,
Laney High School,Symphonic Band,Bob Pearson,2024,V,The Klaxon,Henry Fillmore/Balent,March,
Laney High School,Symphonic Band,Bob Pearson,2024,V,Flight of the Piasa,"Sheldon, Robert",MPA List,
Laney High School,Symphonic Band,Bob Pearson,2024,V,At Dawn They Slept,"Bocook, Jay",MPA List,
Lejeune High School,Concert Band,Tim Tyson,2022,III,"Zia,Zia! (Spanish March)",Claude T. Smith,March,
Lejeune High School,Concert Band,Tim Tyson,2022,III,Pueblo (Land of Ancient Peoples),"Higgins, John",MPA List,
Lejeune High School,Concert Band,Tim Tyson,2022,III,Blue Ridge Overture,"Erickson, Frank",MPA List,
Lejeune High School,Concert Band,Tim Tyson,2024,III,Aces High March,Ron Goodwin/Larry Daehn,March,
Lejeune High School,Concert Band,Tim Tyson,2024,III,Covington Square,"Swearingen, James",MPA List,
Lejeune High School,Concert Band,Tim Tyson,2024,III,Troy!,"Sweeney, Michael",MPA List,
Morehead City Middle School,7th-8th Grade Band,Jason Robison,2022,III,Grand Galop (Circus March),Johnnie Vinson,March,
Morehead City Middle School,7th-8th Grade Band,Jason Robison,2022,III,Wyndham Variations,"Swearingen, James",MPA List,
Morehead City Middle School,7th-8th Grade Band,Jason Robison,2022,III,Arabian Dances,"Barrett, Roland",MPA List,
Morehead City Middle School,7th and 8th Grade Band,Jason Robison,2023,III/IV,The Red Cape,James Meredith,March,
Morehead City Middle School,7th and 8th Grade Band,Jason Robison,2023,IV,Blue Ridge Saga,"Swearingen, James",MPA List,
Morehead City Middle School,7th and 8th Grade Band,Jason Robison,2023,III,Russian Folk Song Suite,"Moss, John",MPA List,
Morehead City Middle School,7th Grade Band,Jason Robison,2024,II/III,Kitty Hawk March,Ed Huckeby,March,
Morehead City Middle School,7th Grade Band,Jason Robison,2024,III,Freedom's Light,"Swearingen, James",MPA List,
Morehead City Middle School,7th Grade Band,Jason Robison,2024,II,"Pioneer Spirit, The","Story, Michael",MPA List,
Morehead City Middle School,8th Grade Band,Jason Robison,2024,IV,Photo Finish Galop,James Swearingen,March,
Morehead City Middle School,8th Grade Band,Jason Robison,2024,IV,"Irish Legend, An","Kiefer, Ed",MPA List,
Morehead City Middle School,8th Grade Band,Jason Robison,2024,IV,Mountain Country Dances,"Vinson, Johnnie",MPA List,
Murray Middle School,Falcon Band,Jessica Meade,2023,III,Photo Finish!,James Swearingen,March,
Murray Middle School,Falcon Band,Jessica Meade,2023,III,Beneath The Sacred Light,"Gillingham, David",MPA List,
Murray Middle School,Falcon Band,Jessica Meade,2023,III,Onward,"Gilroy, Gary",MPA List,
Murray Middle School,Falcon Band,Jessica Meade,2024,III,Fighting Falcon March,Todd Stalter,March,
Murray Middle School,Falcon Band,Jessica Meade,2024,III,Mission: Apollo,"Grant, Tyler",MPA List,
Murray Middle School,Falcon Band,Jessica Meade,2024,III,Arabian Dances,"Barrett, Roland",MPA List,
Murray Middle School,Falcon Band,Jessica Meade,2025,III,Darklands March,Randall D. Standridge,March,
Murray Middle School,Falcon Band,Jessica Meade,2025,III,Carolina Legend,"Swearingen, James",MPA List,
Murray Middle School,Falcon Band,Jessica Meade,2025,III,Energy!,"Sims, Adrian",MPA List,
Myrtle Gove Middle School,7th Grade Band,Jacob Stephens,2023,I,American Spirit March,John Higgins,March,
Myrtle Gove Middle School,7th Grade Band,Jacob Stephens,2023,I,Dance Celebration,"Smith, Robert W.",MPA List,
Myrtle Gove Middle School,7th Grade Band,Jacob Stephens,2023,I,Autumn Fanfare,"Rogers, Mekel",MPA List,
Myrtle Grove Middle School,Advanced Band,Jacob Stephens,2022,II,Aquia Landing,Paul Murtha,March,
Myrtle Grove Middle School,Advanced Band,Jacob Stephens,2022,II,Psalm 42,"Hazo, Samuel",MPA List,
Myrtle Grove Middle School,Advanced Band,Jacob Stephens,2022,II,Afterburn,"Standridge, Randall",MPA List,
Myrtle Grove Middle School,7th Grade Band,Jacob Stephens,2024,I,Union March,Mekel Rogers,March,
Myrtle Grove Middle School,7th Grade Band,Jacob Stephens,2024,I,Riverbend Rhapsody,"Shaffer, David",MPA List,
Myrtle Grove Middle School,7th Grade Band,Jacob Stephens,2024,I,Heroes and Glory,"Swearingen, James",MPA List,
Myrtle Grove Middle School,8th Grade Band,Jacob Stephens,2024,II,Forward March!,Paul Murtha,March,
Myrtle Grove Middle School,8th Grade Band,Jacob Stephens,2024,II,Celtic Air and Dance No. 2,"Sweeney, Michael",MPA List,
Myrtle Grove Middle School,8th Grade Band,Jacob Stephens,2024,II,Night Fury,"Chambers, Carol Brittin",MPA List,
Myrtle Grove Middle School,8th Grade Band,Jacob Stephens,2025,II,First Expedition March,Chris Ferguson,March,
Myrtle Grove Middle School,8th Grade Band,Jacob Stephens,2025,II,Danza de España,"Brittin Chambers, Carol",MPA List,
Myrtle Grove Middle School,8th Grade Band,Jacob Stephens,2025,II,Violento,"Lopez, Victor",MPA List,
New Bern High School,Symphonic Band,Chris Elbing/Colin McKeon,2022,IV,Coast Guards,Karl L. King/James Swearingen,March,
New Bern High School,Symphonic Band,Chris Elbing/Colin McKeon,2022,IV,Anthem for Winds and Percussion,"Smith, Claude",MPA List,
New Bern High School,Symphonic Band,Chris Elbing/Colin McKeon,2022,IV,"Great Locomotive Chase, The","Smith, Robert W.",MPA List,
New Bern High School,Wind Ensemble,Chris Elbing/Colin McKeon,2022,VI,The Black Horse Troop March,John Philip Sousa,March,
New Bern High School,Wind Ensemble,Chris Elbing/Colin McKeon,2022,VI,Light Cavalry Overture,Von Suppe/Fillmore/Foster,MPA List,
New Bern High School,Wind Ensemble,Chris Elbing/Colin McKeon,2022,VI,Grant Them Eternal Rest,"Boysen, Andrew",MPA List,
New Bern High School,Symphonic Band,Colin McKeon/Chris Elbing,2023,IV,Project March,Harold Bennett arranged by Larry Clark,March,
New Bern High School,Symphonic Band,Colin McKeon/Chris Elbing,2023,IV,Nathan Hale Trilogy,"Curnow, James",MPA List,
New Bern High School,Symphonic Band,Colin McKeon/Chris Elbing,2023,IV,"Irish Legend, An","Kiefer, Ed",MPA List,
New Bern High School,Wind Ensemble,Chris Elbing/Colin McKeon,2023,VI,The Thunderer March,John Philip Sousa,March,
New Bern High School,Wind Ensemble,Chris Elbing/Colin McKeon,2023,VI,Third Suite,"Jager, Robert",MPA List,
New Bern High School,Wind Ensemble,Chris Elbing/Colin McKeon,2023,VI,With Heart and Voice,"Gillingham, David",MPA List,
New Bern High School,Symphonic Band,Colin McKeon/Chris Elbing,2024,IV,Genius March,Harold Bennett/Larry Clark,March,
New Bern High School,Symphonic Band,Colin McKeon/Chris Elbing,2024,IV,Two Irish Sketches,"Black, Dave",MPA List,
New Bern High School,Symphonic Band,Colin McKeon/Chris Elbing,2024,IV,Incantations,"Smith, Robert W.",MPA List,
New Bern High School,Wind Ensemble,Chris Elbing/Colin McKeon,2024,VI,El Capitan March,John Philip Sousa,March,
New Bern High School,Wind Ensemble,Chris Elbing/Colin McKeon,2024,VI,Fanfare and Allegro,"Williams, Clifton",MPA List,
New Bern High School,Wind Ensemble,Chris Elbing/Colin McKeon,2024,VI,Fusion,"Balmages, Brian",MPA List,
New Bridge Middle School,7th Grade,Steven Kosch,2022,I,Infinity,James Curnow,March,
New Bridge Middle School,7th Grade,Steven Kosch,2022,I,Crescent Moon,"Story, Michael",MPA List,
New Bridge Middle School,7th Grade,Steven Kosch,2022,I,Northridge Overture,"O'Reilly, John",MPA List,
New Bridge Middle School,8th Grade,Steven Kosch,2022,II,Tall Cedars,Eric Osterling,March,
New Bridge Middle School,8th Grade,Steven Kosch,2022,II,Maesong,"Owens, William",MPA List,
New Bridge Middle School,8th Grade,Steven Kosch,2022,II,Harrowgate Festival,"Edmondson, John",MPA List,
New Bridge Middle School,7th Grade,Steven Kosch,2023,II,The Golden Eagle March,John Edmondson,March,
New Bridge Middle School,7th Grade,Steven Kosch,2023,II,Triton Fanfare,"Smith, Robert W.",MPA List,
New Bridge Middle School,7th Grade,Steven Kosch,2023,II,Nottingham Castle,"Daehn, Larry",MPA List,
New Bridge Middle School,8th Grade,Steven Kosch,2023,II,Brandy Station March,John Edmondson,March,
New Bridge Middle School,8th Grade,Steven Kosch,2023,II,Wind Sketch,Edmondson John,MPA List,
New Bridge Middle School,8th Grade,Steven Kosch,2023,II,Castle Hill Overture,"McGinty, Anne",MPA List,
New Bridge Middle School,Concert Band,Steven Kosch,2024,II,Morning Star,Chris Ferguson,March,
New Bridge Middle School,Concert Band,Steven Kosch,2024,II,Apollo Fanfare,"Smith, Robert W.",MPA List,
New Bridge Middle School,Concert Band,Steven Kosch,2024,II,Imperium,"Sweeney, Michael",MPA List,
Newport Middle School,6th Grade Beginner Band,David Stroud,2022,I,March Royale,Mark Williams,March,
Newport Middle School,6th Grade Beginner Band,David Stroud,2022,I,The Quest for Coronado's Gold,"Ferguson, Chris",MPA List,
Newport Middle School,6th Grade Beginner Band,David Stroud,2022,I,Rust Belt,"Owens, William",MPA List,
Newport Middle School,7/8 grade Band,David Stroud,2022,II/III,Forward March,Paul Murtha,March,
Newport Middle School,7/8 grade Band,David Stroud,2022,III,Cyclone,"Oare, Michael",MPA List,
Newport Middle School,7/8 grade Band,David Stroud,2022,II,Chester Variations,"Del Borgo,  Elliot",MPA List,
Newport Middle School,7th and 8th Grade Band,David Stroud,2023,II/III,Darklands March,Randall D. Standridge,March,
Newport Middle School,7th and 8th Grade Band,David Stroud,2023,III,"Great American Frontier, The",Morales Erik,MPA List,
Newport Middle School,7th and 8th Grade Band,David Stroud,2023,II,Zeal,"Grice, Rob",MPA List,
Newport Middle School,6th and 7th Grade Band,Charlene Outland,2024,I/II,Synergy March,William Owens,March,
Newport Middle School,6th and 7th Grade Band,Charlene Outland,2024,I,Riverbend Rhapsody,"Shaffer, David",MPA List,
Newport Middle School,6th and 7th Grade Band,Charlene Outland,2024,II,Year of the Dragon,"Sweeney, Michael",MPA List,
Newport Middle School,8th Grade Band,Charlene Outland,2024,III,Guardians of Liberty,Paul Murtha,March,
Newport Middle School,8th Grade Band,Charlene Outland,2024,III,Clark County Celebration,"Swearingen, James",MPA List,
Newport Middle School,8th Grade Band,Charlene Outland,2024,III,The Cave You Fear,"Markowski, Michael",MPA List,
Noble Middle School,7th and 8th Grade Band,Patti Knauf,2023,II,Liberty March,John Edmondson,March,
Noble Middle School,7th and 8th Grade Band,Patti Knauf,2023,II,Humble Heart,arr. Ed Kiefer,MPA List,
Noble Middle School,7th and 8th Grade Band,Patti Knauf,2023,II,Pandora,"Standridge, Randall",MPA List,
Noble Middle School,Concert Band,Patti Knauf,2024,II,Postwood March,John O'Reilly,March,
Noble Middle School,Concert Band,Patti Knauf,2024,II,Edinburgh Castle,"Kinyon, John",MPA List,
Noble Middle School,Concert Band,Patti Knauf,2024,II,Legend of the Eagle,"McGinty, Anne",MPA List,
Noble Middle School,Concert Band,Patti Knauf,2025,II,March of Freedom,John Edmondson,March,
Noble Middle School,Concert Band,Patti Knauf,2025,II,Sea Song Trilogy,"McGinty, Anne",MPA List,
Noble Middle School,Concert Band,Patti Knauf,2025,II,Call of the Ancient Clans,"Webb, Amy",MPA List,
Northside High School,Concert Band,Aaron Kingsberry,2022,IV,El Zorro Rojo,Randall Standridge,March,
Northside High School,Concert Band,Aaron Kingsberry,2022,IV,Soar High,"Kiefer, Ed",MPA List,
Northside High School,Concert Band,Aaron Kingsberry,2022,IV,Scramble,"Stalter, Todd",MPA List,
Northside High School,Concert Band,Aaron Kingsberry,2023,IV,The Red Cape,James Meredith,March,
Northside High School,Concert Band,Aaron Kingsberry,2023,IV,Cumberland Cross,"Strommen, Carl",MPA List,
Northside High School,Concert Band,Aaron Kingsberry,2023,IV,Albanian Dance,"Hanson, Shelley",MPA List,
Northside High School,Concert Band,Aaron Kingsberry,2024,IV,Big Circus March,Robert E Foster,March,
Northside High School,Concert Band,Aaron Kingsberry,2024,IV,Ritual Fire Dance,De Fella/arr. Bocook,MPA List,
Northside High School,Concert Band,Aaron Kingsberry,2024,IV,Incantations,"Smith, Robert W.",MPA List,
Richlands High School,Concert Band,Greg Shreckengost,2022,III,Valdres,Johannes Hanssen/Jim Curnow,March,
Richlands High School,Concert Band,Greg Shreckengost,2022,III,Appalachian Morning,"Sheldon, Robert",MPA List,
Richlands High School,Concert Band,Greg Shreckengost,2022,III,Call of the Wild,"Balmages,  Brian",MPA List,
Richlands High School,Concert Band,Wes Adams,2023,III,Alamo March,Karl L. King arranged by James Swearingen,March,
Richlands High School,Concert Band,Wes Adams,2023,III,As Summer Was Just Beginning,"Daehn, Larry",MPA List,
Richlands High School,Concert Band,Wes Adams,2023,III,Southern Folk Rhapsody,"Sweeney, Michael",MPA List,
Richlands High School,Concert Band,Wesley Adams,2024,III/IV,Capstone (March),Tyler Arcari,March,
Richlands High School,Concert Band,Wesley Adams,2024,III,First Light on the Chesapeake,"Hosay, James",MPA List,
Richlands High School,Concert Band,Wesley Adams,2024,IV,Cumberland Falls Overture,"Karrick, Brant",MPA List,
Roland Grise Middle School,Concert Band,Joseph Hulett Jr.,2024,II,Union March,Mekel Rogers,March,
Roland Grise Middle School,Concert Band,Joseph Hulett Jr.,2024,II,Curse of Tutankhamun,"Story, Michael",MPA List,
Roland Grise Middle School,Concert Band,Joseph Hulett Jr.,2024,II,Armory,"Standridge, Randall",MPA List,
Roland Grise Middle School,Concert Band,Joseph Hulett Jr.,2025,II,Matrix March,Ed Hucke,March,
Roland Grise Middle School,Concert Band,Joseph Hulett Jr.,2025,II,Year of the Dragon,"Sweeney, Michael",MPA List,
Roland Grise Middle School,Concert Band,Joseph Hulett Jr.,2025,II,In Quest of Uluru,"Swearingen, James",MPA List,
Southwest Middle School,Band,Caleb Lanning,2023,I,Mount Vernon March,John Edmondson,March,
Southwest Middle School,Band,Caleb Lanning,2023,I,Foxwood Overture,"McGinty, Anne",MPA List,
Southwest Middle School,Band,Caleb Lanning,2023,I,"Tempest, The","Smith, Robert W.",MPA List,
Southwest Onslow High School,Stallion Winds,Lance Barton,2022,III,March of the Royals,Bill Calhoun,March,
Southwest Onslow High School,Stallion Winds,Lance Barton,2022,III,Pueblo (Land of Ancient Peoples),"Higgins, John",MPA List,
Southwest Onslow High School,Stallion Winds,Lance Barton,2022,III,Locksley Hall,"Del Borgo,  Elliot",MPA List,
Southwest Onslow High School,Stallion Winds,Lance Barton,2023,II/III,Capstone (March),Tyler Arcari,March,
Southwest Onslow High School,Stallion Winds,Lance Barton,2023,III,Windsongs,"Shaffer, David",MPA List,
Southwest Onslow High School,Stallion Winds,Lance Barton,2023,II,Byzantine Dances,"Chambers, Carol Brittin",MPA List,
Southwest Onslow High School,Stallion Winds,Lance Barton,2024,II/III,Big Circus March,Robert E. Foster,March,
Southwest Onslow High School,Stallion Winds,Lance Barton,2024,II,Fragile,"Standridge, Randall",MPA List,
Southwest Onslow High School,Stallion Winds,Lance Barton,2024,III,"Eagle's Triumph, The","Shaffer, David",MPA List,
Surf City Middle School,Band,Trevor Judy,2022,II,Fighting Falcon March,Todd Stalter,March,
Surf City Middle School,Band,Trevor Judy,2022,II,Imperium,"Sweeney, Michael",MPA List,
Surf City Middle School,Band,Trevor Judy,2022,II,Overlords,"O’Loughlin, Sean",MPA List,
Surf City Middle School,Band,Trevor Judy,2023,II,Acclaim,Larry Clark,March,
Surf City Middle School,Band,Trevor Judy,2023,II,Phantom Ship,"Del Borgo,  Elliot",MPA List,
Surf City Middle School,Band,Trevor Judy,2023,II,Byzantine Dances,"Chambers, Carol Brittin",MPA List,
Surf City Middle School,Band,Trevor Judy,2024,II,Activity (March),Harold Bennett/Larry Clark,March,
Surf City Middle School,Band,Trevor Judy,2024,II,Astro Overture,"Kinyon, John",MPA List,
Surf City Middle School,Band,Trevor Judy,2024,II,Fortress of Stone,"Arcari, Tyler",MPA List,
Surf City Middle School,Band,Trevor Judy,2025,II,Tall Cedars,Eric Osterling,March,
Surf City Middle School,Band,Trevor Judy,2025,II,"Tell Tale Heart, The","Story, Mike",MPA List,
Surf City Middle School,Band,Trevor Judy,2025,II,Skygazer Fanfare,"Standridge, Randall",MPA List,
Swansboro High School,Concert Band,Kristen Graham,2022,V,The Black Mask,Henry Fillmore/Robert E. Foster,March,
Swansboro High School,Concert Band,Kristen Graham,2022,V,Beyond the Horizon,"Galante, Rossano",MPA List,
Swansboro High School,Concert Band,Kristen Graham,2022,V,"Prelude,Siciliano and Rondo",Arnold/arr. Paynter,MPA List,
Swansboro High School,Symphonic Band,Kristen Graham,2023,IV,High School Cadets,John Phillips Sousa arranged by Andrew Balant,March,
Swansboro High School,Symphonic Band,Kristen Graham,2023,IV,Evensong,"Harbinson, William",MPA List,
Swansboro High School,Symphonic Band,Kristen Graham,2023,IV,Jackson Lake Overture,"Williams, Mark",MPA List,
Swansboro High School,Wind Ensemble,Kristen Graham,2023,VI,The Trombone King,Karl King,March,
Swansboro High School,Wind Ensemble,Kristen Graham,2023,VI,Sky is Waiting,"Hazo, Samuel",MPA List,
Swansboro High School,Wind Ensemble,Kristen Graham,2023,VI,Art in the Park,"Sheldon, Robert",MPA List,
Swansboro High School,Symphonic Band,Kristen Graham,2024,IV,Cornerstone,Tyler Arcari,March,
Swansboro High School,Symphonic Band,Kristen Graham,2024,IV,Shenandoah,"Ticheli, Frank",MPA List,
Swansboro High School,Symphonic Band,Kristen Graham,2024,IV,When Honor Prevails,"Swearingen, James",MPA List,
Swansboro High School,Wind Ensemble,Kristen Graham,2024,VI,The Thunderer,John Philip Sousa,March,
Swansboro High School,Wind Ensemble,Kristen Graham,2024,VI,English Folk Song Suite,"Vaughn Williams, Ralph",MPA List,
Swansboro High School,Wind Ensemble,Kristen Graham,2024,VI,Variation on a Korean Folk Song,"Chance, John Barnes",MPA List,
Swansboro High School,Symphonic Band,Kristen Graham,2025,IV,Rough Riders,Karl K. King arr  James Swearingen,March,
Swansboro High School,Symphonic Band,Kristen Graham,2025,IV,"Journey, The","Karrick, Brant",MPA List,
Swansboro High School,Symphonic Band,Kristen Graham,2025,IV,Herndon Exaltations (A Celebration of Excellence),"Smith, Robert W.",MPA List,
Swansboro High School,Wind Ensemble,Kristen Graham,2025,VI,Fairest of the Fair,John Philip Sousa,March,
Swansboro High School,Wind Ensemble,Kristen Graham,2025,VI,Burst,"O'Loughlin, Sean",MPA List,
Swansboro High School,Wind Ensemble,Kristen Graham,2025,VI,"Movement for Rosa, A","Camphouse, Mark",MPA List,
Swansboro Middle School,7th Grade Band,Phil Smith,2022,II,Baywood March,Robert Lee,March,
Swansboro Middle School,7th Grade Band,Phil Smith,2022,II,Too Beautiful for Words,"Grice, Rob",MPA List,
Swansboro Middle School,7th Grade Band,Phil Smith,2022,II,Comet Ride,"Balmages, Brian",MPA List,
Swansboro Middle School,8th Grade Band,Phil Smith,2022,II,New Century March,Ken Harris,March,
Swansboro Middle School,8th Grade Band,Phil Smith,2022,II,Ellan Vannin Suite,"Wagner, Douglas",MPA List,
Swansboro Middle School,8th Grade Band,Phil Smith,2022,II,Emerald Point Overture,"McGinty, Anne",MPA List,
Swansboro Middle School,8th Grade Band,Zachary Cummings,2023,II,Kitty Hawk March,Ed Huckeby,March,
Swansboro Middle School,8th Grade Band,Zachary Cummings,2023,II,Castles and Dragons,"Stalter, Todd",MPA List,
Swansboro Middle School,8th Grade Band,Zachary Cummings,2023,II,Gates of Orion,"Sweeney, Michael",MPA List,
Swansboro Middle School,7th Grade Band,Zachary Cummings,2024,I,Guardians of Liberty,Paul Murtha,March,
Swansboro Middle School,7th Grade Band,Zachary Cummings,2024,I,"Water is Wide, The","Griffin, Julie",MPA List,
Swansboro Middle School,7th Grade Band,Zachary Cummings,2024,I,"Tempest, The","Smith, Robert W.",MPA List,
Swansboro Middle School,8th Grade Band,Zachary Cummings,2024,II/III,Liberty March,James Swearingen,March,
Swansboro Middle School,8th Grade Band,Zachary Cummings,2024,III,Rites of Tamburo,"Smith, Robert W.",MPA List,
Swansboro Middle School,8th Grade Band,Zachary Cummings,2024,II,Groovee!,"Saucedo, Richard",MPA List,
The Epiphany School of Global Studies Middle School,Concert Band,Mabel Rosney,2024,II,Tambora!,William Owens,March,
The Epiphany School of Global Studies Middle School,Concert Band,Mabel Rosney,2024,II,Resilience,PINKZEBRA,MPA List,
The Epiphany School of Global Studies Middle School,Concert Band,Mabel Rosney,2024,II,Scorpion!,"Saucedo, Richard",MPA List,
Topsail High School,Symphonic Band,Jake Wentzek,2022,III,The Streets of Madrid,John Moss,March,
Topsail High School,Symphonic Band,Jake Wentzek,2022,III,Two British Folk Songs,"Del Borgo,  Elliot",MPA List,
Topsail High School,Symphonic Band,Jake Wentzek,2022,III,Adrenaline Engines,"Standridge, Randall",MPA List,
Topsail High School,Wind Ensemble,Jake Wentzek,2022,V,Invictus,Karl L. King/Andrew Glover,March,
Topsail High School,Wind Ensemble,Jake Wentzek,2022,V,Solas Ane' (Yesterday's Joy),"Hazo, Samuel",MPA List,
Topsail High School,Wind Ensemble,Jake Wentzek,2022,V,Mount Everest,"Galante, Rossano",MPA List,
Topsail High School,Symphonic Band,Jake Wentzek,2023,III,New Forest March,Johnnie Vinson,March,
Topsail High School,Symphonic Band,Jake Wentzek,2023,III,Fields of Clover,"Standridge, Randall",MPA List,
Topsail High School,Symphonic Band,Jake Wentzek,2023,III,Synthesis,"Balmages, Brian",MPA List,
Topsail High School,Wind Ensemble,Jake Wentzek,2023,V,Amparito Roca,Jaime Texidor arranged by Gary Fagan,March,
Topsail High School,Wind Ensemble,Jake Wentzek,2023,V,O Magnum Mysterium,Lauridsen/arr. Reynolds,MPA List,
Topsail High School,Wind Ensemble,Jake Wentzek,2023,V,They Shall Run and Be Free,"Karrick, Brant",MPA List,
Topsail High School,Symphonic Band,Jake Wentzek/Ally Smith,2024,IV,Balalaika!,James Meredith,March,
Topsail High School,Symphonic Band,Jake Wentzek/Ally Smith,2024,IV,Soar High,"Kiefer, Ed",MPA List,
Topsail High School,Symphonic Band,Jake Wentzek/Ally Smith,2024,IV,Infinity,"Copley, Katahj",MPA List,
Topsail High School,Wind Ensemble,Jake Wentzek,2024,VI,Eagle Squadron,Kenneth J. Alford/R. Mark Rogers,March,
Topsail High School,Wind Ensemble,Jake Wentzek,2024,V,Wayfaring Stranger,"Nelson, Christopher",MPA List,
Topsail High School,Wind Ensemble,Jake Wentzek,2024,VI,Vesuvius,"Ticheli, Frank",MPA List,
Topsail High School,Symphonic Band,Jake Wentzek,2025,IV,Headway March,Henry Fillmore arr  Nicholas J. Contorno,March,
Topsail High School,Symphonic Band,Jake Wentzek,2025,IV,Halcyon Hearts,"Copley, Katahj",MPA List,
Topsail High School,Symphonic Band,Jake Wentzek,2025,IV,Choose Joy,"Standridge, Randall",MPA List,
Topsail High School,Wind Ensemble,Jake Wentzek,2025,VI/MW,Who's Who in Navy Blue,John Philip Sousa,March,
Topsail High School,Wind Ensemble,Jake Wentzek,2025,VI,Carmina Burana,Orff/arr. Krance,MPA List,
Topsail Middle School,Concert Band,Bob Norem,2022,II,Manhattan Beach,John Philip Sousa/Michael Story,March,
Topsail Middle School,Concert Band,Bob Norem,2022,II,Sea Song Trilogy,"McGinty, Anne",MPA List,
Topsail Middle School,Concert Band,Bob Norem,2022,II,Aztec Celebration,"Shaffer, David",MPA List,
Topsail Middle School,Concert Band,Bob Norem,2023,II,March from First Suite for Military Band,Gustav Holst arranged by Michael Story,March,
Topsail Middle School,Concert Band,Bob Norem,2023,II,Chorale from Jupiter,Holst/arr. Murtha,MPA List,
Topsail Middle School,Concert Band,Bob Norem,2023,II,Colliding Visions,"Balmages, Brian",MPA List,
Topsail Middle School,Concert Band,Bob Norem,2024,II,Forward March,Paul Murtha,March,
Topsail Middle School,Concert Band,Bob Norem,2024,II,Imperium,"Sweeney, Michael",MPA List,
Topsail Middle School,Concert Band,Bob Norem,2024,II,"Crossings, The","Sheldon, Robert",MPA List,
Topsail Middle School,Concert Band,Bob Norem,2025,II,Liberty March,John Edmondson,March,
Topsail Middle School,Concert Band,Bob Norem,2025,II,Gathering in the Glen,"Sweeney, Michael",MPA List,
Topsail Middle School,Concert Band,Bob Norem,2025,II,Thunder Bay Legend,"Shaffer, David",MPA List,
Trask Middle School,Concert Band,Casey Black,2025,II,Over the Hills,Alexandre Carlin,March,
Trask Middle School,Concert Band,Casey Black,2025,II,Harrowgate Festival,"Edmondson, John",MPA List,
Trask Middle School,Concert Band,Casey Black,2025,II,Comet Ride,"Balmages, Brian",MPA List,
Trexler Middle School,Symphonic Band,Greg Shreckengost,2023,I,Union March,Mekel Rogers,March,
Trexler Middle School,Symphonic Band,Greg Shreckengost,2023,I,Mount Rushmore,"Story, Michael",MPA List,
Trexler Middle School,Symphonic Band,Greg Shreckengost,2023,I,Furioso,"Smith, Robert W.",MPA List,
Trexler Middle School,Symphonic Band,Greg Shreckengost,2024,II,Stony Creek March,Anne McGinty,March,
Trexler Middle School,Symphonic Band,Greg Shreckengost,2024,II,"Celebration Overture, A","Swearingen, James",MPA List,
Trexler Middle School,Symphonic Band,Greg Shreckengost,2024,II,Primordium,"Williams, Mark",MPA List,
Tucker Creek Middle School,7th Grade Band,Blair Dyal,2022,II,"All for One, One for All",Carol Brittin Chambers,March,
Tucker Creek Middle School,7th Grade Band,Blair Dyal,2022,II,Psalm 42,"Hazo, Samuel",MPA List,
Tucker Creek Middle School,7th Grade Band,Blair Dyal,2022,II,Abandoned Treasure Hunt,"Grice, Rob",MPA List,
Tucker Creek Middle School,8th Grade Band,Blair Dyal,2022,III,Pride of the Regiment,Nancy Seward,March,
Tucker Creek Middle School,8th Grade Band,Blair Dyal,2022,III,Annabel Lee,"Wagner, Douglas",MPA List,
Tucker Creek Middle School,8th Grade Band,Blair Dyal,2022,III,Rites of Tamburo,"Smith, Robert W.",MPA List,
Tucker Creek Middle School,7th Grade Band,Blair Dyal,2023,II,March to Buckingham Palace,Mekel Rogers,March,
Tucker Creek Middle School,7th Grade Band,Blair Dyal,2023,II,Moonlit Skies,"O'Loughlin, Sean",MPA List,
Tucker Creek Middle School,7th Grade Band,Blair Dyal,2023,II,"Pit and the Pendulum, The","Story, Michael",MPA List,
Tucker Creek Middle School,8th Grade Band,Blair Dyal,2023,III,Normandy Beach,John Edmondson,March,
Tucker Creek Middle School,8th Grade Band,Blair Dyal,2023,III,Beneath The Sacred Light,"Gillingham, David",MPA List,
Tucker Creek Middle School,8th Grade Band,Blair Dyal,2023,III,Croatan Warrior,"Kiefer, Ed",MPA List,
Tucker Creek Middle School,7th Grade Band,Jodi Campbell,2024,II,Plaza de Toros,Michael Story,March,
Tucker Creek Middle School,7th Grade Band,Jodi Campbell,2024,II,Engines of Resistance,"Clark, Larry",MPA List,
Tucker Creek Middle School,7th Grade Band,Jodi Campbell,2024,II,Serengeti Dreams,"Smith, Robert W.",MPA List,
Tucker Creek Middle School,8th Grade Band,Jodi Campbell,2024,II,Andalucia,Victor Lopez,March,
Tucker Creek Middle School,8th Grade Band,Jodi Campbell,2024,II,Celtic Air and Dance,"Sweeney, Michael",MPA List,
Tucker Creek Middle School,8th Grade Band,Jodi Campbell,2024,II,Armory,"Standridge, Randall",MPA List,
West Carteret High School,Concert Band,Andrew T. Wright,2022,IV,Rough Riders,Karl L. King/James Swearingen,March,
West Carteret High School,Concert Band,Andrew T. Wright,2022,IV,Echoes,"Hazo, Samuel",MPA List,
West Carteret High School,Concert Band,Andrew T. Wright,2022,IV,Chanteys,"Sheldon, Robert",MPA List,
West Carteret High School,Symphonic Band,Andrew T. Wright,2022,VI,Bandology,Eric Osterling,March,
West Carteret High School,Symphonic Band,Andrew T. Wright,2022,VI,"Movement for Rosa, A","Camphouse, Mark",MPA List,
West Carteret High School,Symphonic Band,Andrew T. Wright,2022,VI,"Pearl Fishers, The",Bizet/arr. Cailliet,MPA List,
West Carteret High School,Concert Band,Andrew T. Wright,2023,IV,Normandy Beach,John Edmondson,March,
West Carteret High School,Concert Band,Andrew T. Wright,2023,IV,Folklore for Band,"Caudill, Jim",MPA List,
West Carteret High School,Concert Band,Andrew T. Wright,2023,IV,Ascend (Movement III of Georgian Suite),"Hazo, Samuel",MPA List,
West Carteret High School,Symphonic Band,Andrew T. Wright,2023,VI,Amparito Roca,Jaime Texidor arranged by Aubrey Winter,March,
West Carteret High School,Symphonic Band,Andrew T. Wright,2023,VI,Canzona,"Mennin, Peter",MPA List,
West Carteret High School,Symphonic Band,Andrew T. Wright,2023,VI,"Hounds of Spring, The","Reed, Alfred",MPA List,
West Carteret High School,Concert Band,Andrew T. Wright,2024,IV,Prestissimo,Karl King/James Swearingen,March,
West Carteret High School,Concert Band,Andrew T. Wright,2024,IV,West Highland Sojourn,"Sheldon, Robert",MPA List,
West Carteret High School,Concert Band,Andrew T. Wright,2024,IV,In tantum lux,"Stalter, Todd",MPA List,
West Carteret High School,Symphonic Band,Andrew T. Wright,2024,VI,The Stars And Stripes Forever,John Philip Sousa,March,
West Carteret High School,Symphonic Band,Andrew T. Wright,2024,VI,Second Suite in F (Revised),Holst/arr. Matthews,MPA List,
West Carteret High School,Symphonic Band,Andrew T. Wright,2024,VI,Ride,"Hazo, Samuel",MPA List,
West Craven High School,Concert Band,Cory Lipsky/Hayes Dunlevy,2022,IV,Our Heritage,Karl L. King/James Swearingen,March,
West Craven High School,Concert Band,Cory Lipsky/Hayes Dunlevy,2022,IV,With Every Winter's Breath,"Standridge, Randall",MPA List,
West Craven High School,Concert Band,Cory Lipsky/Hayes Dunlevy,2022,IV,Circle in a Square,"Kiefer, Ed",MPA List,
West Craven High School,Concert Band,Cory Lipsky/Aaryn Torrance,2023,III,Valley Forge,Karl King arranged by James Swearingen,March,
West Craven High School,Concert Band,Cory Lipsky/Aaryn Torrance,2023,III,Two British Folk Songs,"Del Borgo,  Elliot",MPA List,
West Craven High School,Concert Band,Cory Lipsky/Aaryn Torrance,2023,III,Silverbrook,"Sweeney, Michael",MPA List,
West Craven High School,Concert Band,Cory Lipsky/Aaryn Torrance,2024,IV,Bonds of Unity,Karl King/James Swearingen,March,
West Craven High School,Concert Band,Cory Lipsky/Aaryn Torrance,2024,IV,Irish Ayre For Winds,"Barker, Warren",MPA List,
West Craven High School,Concert Band,Cory Lipsky/Aaryn Torrance,2024,IV,Where the Black Hawk Soars,"Smith, Robert W.",MPA List,
West Craven Middle School,Concert Band,Ashley Etheredge/Aaryn Torrance,2023,II,Spania,David Shaffer,March,
West Craven Middle School,Concert Band,Ashley Etheredge/Aaryn Torrance,2023,II,"Song For Friends, A","Daehn, Larry",MPA List,
West Craven Middle School,Concert Band,Ashley Etheredge/Aaryn Torrance,2023,II,Afterburn,"Standridge, Randall",MPA List,
White Oak High School,Symphonic Band,Matthew Langford,2022,IV,March Spiritoso,Claude T. Smith,March,
White Oak High School,Symphonic Band,Matthew Langford,2022,IV,Shenandoah,"Ticheli, Frank",MPA List,
White Oak High School,Symphonic Band,Matthew Langford,2022,IV,Hadrian's Wall,"Smith, Robert",MPA List,
White Oak High School,Wind Ensemble,John Russell/Matthew Langford,2022,V,Bulldog 6,Steve Giove,March,
White Oak High School,Wind Ensemble,John Russell/Matthew Langford,2022,V,Lux Aurumque (Light of Gold),"Whitacre, Eric",MPA List,
White Oak High School,Wind Ensemble,John Russell/Matthew Langford,2022,V,Journey Through Orion,"Giroux, Julie",MPA List,
White Oak High School,Symphonic Band,Matthew Langford,2023,III,Thunderbolt Galop,Fred K. Huffer arranged by Andrew Glover,March,
White Oak High School,Symphonic Band,Matthew Langford,2023,III,Beneath The Sacred Light,"Gillingham, David",MPA List,
White Oak High School,Symphonic Band,Matthew Langford,2023,III,Where the Sun Breaks through the Mist,"Sweeney, Michael",MPA List,
White Oak High School,Wind Ensemble,Matthew Langford/John Russell,2023,V,Marches des Parachutistes Belges,Pierre Leemans arranged by Charles A. Wiley,March,
White Oak High School,Wind Ensemble,Matthew Langford/John Russell,2023,V,Riften Wed,"Giroux, Julie",MPA List,
White Oak High School,Wind Ensemble,Matthew Langford/John Russell,2023,V,Into the Joy of Spring,"Swearingen, James",MPA List,
White Oak High School,Symphonic Band,John Weeks/John Russell,2024,IV,The Alamo March,Karl King,March,
White Oak High School,Symphonic Band,John Weeks/John Russell,2024,IV,Among the Clouds,"Balmages, Brian",MPA List,
White Oak High School,Symphonic Band,John Weeks/John Russell,2024,IV,On the Wings of Swallows,"Sweeney, Michael",MPA List,
White Oak High School,Wind Ensemble,John Russell/John Weeks,2024,V,The Age of Chivalry,Ryan Meeboer,March,
White Oak High School,Wind Ensemble,John Russell/John Weeks,2024,V,They Shall Run and Be Free,"Karrick, Brant",MPA List,
White Oak High School,Wind Ensemble,John Russell/John Weeks,2024,V,Declaration Overture,"Smith, Claude",MPA List,
White Oak High School,Symphonic Band,John Russell/John Weeks,2025,III,Normandy Beach,John Edmundson,March,
White Oak High School,Symphonic Band,John Russell/John Weeks,2025,III,Last Ride of the Pony Express,"Shaffer, David",MPA List,
White Oak High School,Symphonic Band,John Russell/John Weeks,2025,III,Acclamations,"Huckeby, Ed",MPA List,
White Oak High School,Wind Ensemble,John Russell/John Weeks,2025,V,Cradle of Liberty,Al Hayes arr.  Laurie Lafferty,March,
White Oak High School,Wind Ensemble,John Russell/John Weeks,2025,V,I'm Seventeen Come Sunday,Grainger/arr.Wagner,MPA List,
White Oak High School,Wind Ensemble,John Russell/John Weeks,2025,V,Mount Everest,"Galante, Rossano",MPA List,